각,0,0,0,MM,~명사,T,각,*,*,*,*
갓,0,0,0,MM,~수사,T,갓,*,*,*,*
갖은,0,0,0,MM,~명사,T,갖은,*,*,*,*
걔,0,0,0,MM,~명사,F,걔,*,*,*,*
거런,0,0,0,MM,~명사,T,거런,*,*,*,*
경,0,0,0,MM,~의존가산명사,T,경,*,*,*,*
고,0,0,0,MM,~명사,F,고,*,*,*,*
고까짓,0,0,0,MM,~명사,T,고까짓,*,*,*,*
고깟,0,0,0,MM,~명사,T,고깟,*,*,*,*
고따우,0,0,0,MM,~명사,F,고따우,*,*,*,*
고따위,0,0,0,MM,~명사,F,고따위,*,*,*,*
고딴,0,0,0,MM,~명사,T,고딴,*,*,*,*
고런,0,0,0,MM,~명사,T,고런,*,*,*,*
고런조런,0,0,0,MM,~명사,T,고런조런,*,*,*,*
고론,0,0,0,MM,~명사,T,고론,*,*,*,*
고만,0,0,0,MM,~명사,T,고만,*,*,*,*
고얀,0,0,0,MM,~인성명사,T,고얀,*,*,*,*
고연,0,0,0,MM,~명사,T,고연,*,*,*,*
고이안,0,0,0,MM,~명사,T,고이안,*,*,*,*
고이얀,0,0,0,MM,~명사,T,고이얀,*,*,*,*
고이연,0,0,0,MM,~명사,T,고이연,*,*,*,*
고이헌,0,0,0,MM,~명사,T,고이헌,*,*,*,*
고전,0,0,0,MM,~명사,T,고전,*,*,*,*
공,0,0,0,MM,~의존가산명사,T,공,*,*,*,*
공공,0,0,0,MM,~의존가산명사,T,공공,*,*,*,*
구,0,0,0,MM,~기관명사,F,구,*,*,*,*
구십,0,0,0,MM,~가산명사,T,구십,*,*,*,*
구십여,0,0,0,MM,~가산명사,F,구십여,*,*,*,*
국한,0,0,0,MM,~명사,T,국한,*,*,*,*
귀,0,0,0,MM,~인성명사,F,귀,*,*,*,*
그,0,0,0,MM,~명사,F,그,*,*,*,*
그까짓,0,0,0,MM,~명사,T,그까짓,*,*,*,*
그깐,0,0,0,MM,~명사,T,그깐,*,*,*,*
그깟,0,0,0,MM,~명사,T,그깟,*,*,*,*
그날그,0,0,0,MM,~명사,F,그날그,*,*,*,*
그냥,0,0,0,MM,~명사,T,그냥,*,*,*,*
그따위,0,0,0,MM,~명사,F,그따위,*,*,*,*
그딴,0,0,0,MM,~명사,T,그딴,*,*,*,*
그란,0,0,0,MM,~명사,T,그란,*,*,*,*
그런,0,0,0,MM,~명사,T,그런,*,*,*,*
그런그런,0,0,0,MM,~명사,T,그런그런,*,*,*,*
그런저런,0,0,0,MM,~명사,T,그런저런,*,*,*,*
그만,0,0,0,MM,~명사,T,그만,*,*,*,*
근,0,0,0,MM,~수표현,T,근,*,*,*,*
금새,0,0,0,MM,~명사,F,금새,*,*,*,*
기,0,0,0,MM,~명사,F,기,*,*,*,*
기만,0,0,0,MM,~가산명사,T,기만,*,*,*,*
기백,0,0,0,MM,~가산명사,T,기백,*,*,*,*
기백만,0,0,0,MM,~가산명사,T,기백만,*,*,*,*
기십,0,0,0,MM,~가산명사,T,기십,*,*,*,*
기십만,0,0,0,MM,~가산명사,T,기십만,*,*,*,*
기천,0,0,0,MM,~가산명사,T,기천,*,*,*,*
기천만,0,0,0,MM,~가산명사,T,기천만,*,*,*,*
긴긴,0,0,0,MM,~시간명사,T,긴긴,*,*,*,*
까짓,0,0,0,MM,~명사,T,까짓,*,*,*,*
깟,0,0,0,MM,~명사,T,깟,*,*,*,*
내,0,0,0,MM,~명사,F,내,*,*,*,*
너,0,0,0,MM,~의존가산명사,F,너,*,*,*,*
너거,0,0,0,MM,~명사,F,너거,*,*,*,*
너댓,0,0,0,MM,~가산명사,T,너댓,*,*,*,*
너댓째,0,0,0,MM,~명사,F,너댓째,*,*,*,*
너더댓,0,0,0,MM,~가산명사,T,너더댓,*,*,*,*
너더댓째,0,0,0,MM,~명사,F,너더댓째,*,*,*,*
너덧,0,0,0,MM,~가산명사,T,너덧,*,*,*,*
너덧째,0,0,0,MM,~명사,F,너덧째,*,*,*,*
넉,0,0,0,MM,~의존가산명사,T,넉,*,*,*,*
네,0,0,0,MM,~가산명사,F,네,*,*,*,*
네까짓,0,0,0,MM,~인성명사,T,네까짓,*,*,*,*
네깐,0,0,0,MM,~인성명사,T,네깐,*,*,*,*
네깟,0,0,0,MM,~인성명사,T,네깟,*,*,*,*
네다섯,0,0,0,MM,~가산명사,T,네다섯,*,*,*,*
네다섯째,0,0,0,MM,~명사,F,네다섯째,*,*,*,*
네댓,0,0,0,MM,~가산명사,T,네댓,*,*,*,*
네댓째,0,0,0,MM,~명사,F,네댓째,*,*,*,*
네째,0,0,0,MM,~명사,F,네째,*,*,*,*
넨장,0,0,0,MM,~인성명사,T,넨장,*,*,*,*
넨장맞을,0,0,0,MM,~인성명사,T,넨장맞을,*,*,*,*
넨장칠,0,0,0,MM,~인성명사,T,넨장칠,*,*,*,*
넷째,0,0,0,MM,~명사,F,넷째,*,*,*,*
넷쨋,0,0,0,MM,~명사,T,넷쨋,*,*,*,*
넸,0,0,0,MM,~명사,T,넸,*,*,*,*
느그,0,0,0,MM,~명사,F,느그,*,*,*,*
니,0,0,0,MM,~명사,F,니,*,*,*,*
다른,0,0,0,MM,~명사,T,다른,*,*,*,*
다서여섯째,0,0,0,MM,~명사,F,다서여섯째,*,*,*,*
다섯,0,0,0,MM,~가산명사,T,다섯,*,*,*,*
다섯째,0,0,0,MM,~명사,F,다섯째,*,*,*,*
단,0,0,0,MM,~수표현,T,단,*,*,*,*
단돈,0,0,0,MM,~양수관형사,T,단돈,*,*,*,*
닷,0,0,0,MM,~의존가산명사,T,닷,*,*,*,*
당,0,0,0,MM,~단체명사,T,당,*,*,*,*
당해,0,0,0,MM,~명사,F,당해,*,*,*,*
대,0,0,0,MM,~명사,F,대,*,*,*,*
대모한,0,0,0,MM,~명사,T,대모한,*,*,*,*
대여섯,0,0,0,MM,~가산명사,T,대여섯,*,*,*,*
대여섯째,0,0,0,MM,~명사,F,대여섯째,*,*,*,*
대엿,0,0,0,MM,~가산명사,T,대엿,*,*,*,*
댓,0,0,0,MM,~가산명사,T,댓,*,*,*,*
댓째,0,0,0,MM,~명사,F,댓째,*,*,*,*
뎌,0,0,0,MM,~명사,F,뎌,*,*,*,*
도합,0,0,0,MM,~수표현,T,도합,*,*,*,*
동,0,0,0,MM,~명사,T,동,*,*,*,*
두,0,0,0,MM,~가산명사,F,두,*,*,*,*
두서너,0,0,0,MM,~가산명사,F,두서너,*,*,*,*
두서너째,0,0,0,MM,~명사,F,두서너째,*,*,*,*
두세,0,0,0,MM,~가산명사,F,두세,*,*,*,*
두세네,0,0,0,MM,~명사,F,두세네,*,*,*,*
두세째,0,0,0,MM,~명사,F,두세째,*,*,*,*
두어,0,0,0,MM,~가산명사,F,두어,*,*,*,*
두어째,0,0,0,MM,~명사,F,두어째,*,*,*,*
두째,0,0,0,MM,~명사,F,두째,*,*,*,*
둘째,0,0,0,MM,~명사,F,둘째,*,*,*,*
둘쨋,0,0,0,MM,~명사,T,둘쨋,*,*,*,*
둬,0,0,0,MM,~가산명사,F,둬,*,*,*,*
둬째,0,0,0,MM,~명사,F,둬째,*,*,*,*
뒷,0,0,0,MM,~명사,T,뒷,*,*,*,*
따른,0,0,0,MM,~명사,T,따른,*,*,*,*
딱,0,0,0,MM,~명사,T,딱,*,*,*,*
딴,0,0,0,MM,~명사,T,딴,*,*,*,*
때늦은,0,0,0,MM,~명사,T,때늦은,*,*,*,*
때아닌,0,0,0,MM,~명사,T,때아닌,*,*,*,*
때이른,0,0,0,MM,~명사,T,때이른,*,*,*,*
떡을할,0,0,0,MM,~인성명사,T,떡을할,*,*,*,*
또다른,0,0,0,MM,~명사,T,또다른,*,*,*,*
또한,0,0,0,MM,~명사,T,또한,*,*,*,*
마흔,0,0,0,MM,~가산명사,T,마흔,*,*,*,*
만,0,0,0,MM,~수표현,T,만,*,*,*,*
만여,0,0,0,MM,~가산명사,F,만여,*,*,*,*
많이,0,0,0,MM,~명사,F,많이,*,*,*,*
매,0,0,0,MM,~명사,F,매,*,*,*,*
맨,0,0,0,MM,~공간명사,T,맨,*,*,*,*
맻,0,0,0,MM,~명사,T,맻,*,*,*,*
먼먼,0,0,0,MM,~장소명사|시간명사,T,먼먼,*,*,*,*
멫,0,0,0,MM,~명사,T,멫,*,*,*,*
몇,0,0,0,MM,~가산명사,T,몇,*,*,*,*
몇대,0,0,0,MM,~명사,F,몇대,*,*,*,*
몇몇,0,0,0,MM,~가산명사,T,몇몇,*,*,*,*
몇십,0,0,0,MM,~가산명사,T,몇십,*,*,*,*
몇억만,0,0,0,MM,~가산명사,T,몇억만,*,*,*,*
몇째,0,0,0,MM,~명사,F,몇째,*,*,*,*
몇천몇만,0,0,0,MM,~가산명사,T,몇천몇만,*,*,*,*
모,0,0,0,MM,~인성명사,F,모,*,*,*,*
모두,0,0,0,MM,~명사,F,모두,*,*,*,*
모든,0,0,0,MM,~명사,T,모든,*,*,*,*
모모,0,0,0,MM,~인성명사,F,모모,*,*,*,*
모모한,0,0,0,MM,~명사,T,모모한,*,*,*,*
모오든,0,0,0,MM,~명사,T,모오든,*,*,*,*
몹쓸,0,0,0,MM,~명사,T,몹쓸,*,*,*,*
무든,0,0,0,MM,~명사,T,무든,*,*,*,*
무스은,0,0,0,MM,~명사,T,무스은,*,*,*,*
무슨,0,0,0,MM,~비인성명사,T,무슨,*,*,*,*
무슨무슨,0,0,0,MM,~비인성명사,T,무슨무슨,*,*,*,*
무신,0,0,0,MM,~명사,T,무신,*,*,*,*
문,0,0,0,MM,~명사,T,문,*,*,*,*
물경,0,0,0,MM,~수표현,T,물경,*,*,*,*
뭇,0,0,0,MM,~명사,T,뭇,*,*,*,*
뭔,0,0,0,MM,~명사,T,뭔,*,*,*,*
믄,0,0,0,MM,~명사,T,믄,*,*,*,*
바른,0,0,0,MM,~명사,T,바른,*,*,*,*
반,0,0,0,MM,~의존가산명사,T,반,*,*,*,*
배라먹을,0,0,0,MM,~명사,T,배라먹을,*,*,*,*
백,0,0,0,MM,~가산명사,T,백,*,*,*,*
백대,0,0,0,MM,~명사,F,백대,*,*,*,*
백여,0,0,0,MM,~가산명사,F,백여,*,*,*,*
벨,0,0,0,MM,~명사,T,벨,*,*,*,*
벼라별,0,0,0,MM,~명사,T,벼라별,*,*,*,*
변별,0,0,0,MM,~명사,T,변별,*,*,*,*
별,0,0,0,MM,~고유명사,T,별,*,*,*,*
별별,0,0,0,MM,~명사,T,별별,*,*,*,*
별의별,0,0,0,MM,~명사,T,별의별,*,*,*,*
본,0,0,0,MM,~인성명사,T,본,*,*,*,*
븰,0,0,0,MM,~명사,T,븰,*,*,*,*
빌어먹을,0,0,0,MM,~명사,T,빌어먹을,*,*,*,*
사,0,0,0,MM,~가산명사,F,사,*,*,*,*
사대,0,0,0,MM,~명사,F,사대,*,*,*,*
사십,0,0,0,MM,~가산명사,T,사십,*,*,*,*
사십여,0,0,0,MM,~가산명사,F,사십여,*,*,*,*
사오,0,0,0,MM,~가산명사,F,사오,*,*,*,*
사이,0,0,0,MM,~명사,F,사이,*,*,*,*
삼,0,0,0,MM,~가산명사,T,삼,*,*,*,*
삼대,0,0,0,MM,~명사,F,삼대,*,*,*,*
삼사,0,0,0,MM,~가산명사,F,삼사,*,*,*,*
삼십,0,0,0,MM,~가산명사,T,삼십,*,*,*,*
삼십여,0,0,0,MM,~가산명사,F,삼십여,*,*,*,*
새,0,0,0,MM,~명사,F,새,*,*,*,*
서,0,0,0,MM,~의존가산명사,F,서,*,*,*,*
서너,0,0,0,MM,~가산명사,F,서너,*,*,*,*
서너째,0,0,0,MM,~명사,F,서너째,*,*,*,*
서른,0,0,0,MM,~가산명사,T,서른,*,*,*,*
서른한,0,0,0,MM,~명사,T,서른한,*,*,*,*
석,0,0,0,MM,~의존가산명사,T,석,*,*,*,*
설흔,0,0,0,MM,~명사,T,설흔,*,*,*,*
성,0,0,0,MM,~인명명사,T,성,*,*,*,*
세,0,0,0,MM,~가산명사,F,세,*,*,*,*
세네,0,0,0,MM,~명사,F,세네,*,*,*,*
세네째,0,0,0,MM,~명사,F,세네째,*,*,*,*
세째,0,0,0,MM,~명사,F,세째,*,*,*,*
셋째,0,0,0,MM,~명사,F,셋째,*,*,*,*
셋쨋,0,0,0,MM,~명사,T,셋쨋,*,*,*,*
소,0,0,0,MM,~인명명사,F,소,*,*,*,*
속,0,0,0,MM,~고유명사,T,속,*,*,*,*
수,0,0,0,MM,~의존가산명사,F,수,*,*,*,*
수만,0,0,0,MM,~가산명사,T,수만,*,*,*,*
수백,0,0,0,MM,~가산명사,T,수백,*,*,*,*
수백만,0,0,0,MM,~가산명사,T,수백만,*,*,*,*
수백억,0,0,0,MM,~가산명사,T,수백억,*,*,*,*
수삼,0,0,0,MM,~가산명사,T,수삼,*,*,*,*
수십,0,0,0,MM,~가산명사,T,수십,*,*,*,*
수십만,0,0,0,MM,~가산명사,T,수십만,*,*,*,*
수십억,0,0,0,MM,~가산명사,T,수십억,*,*,*,*
수십조,0,0,0,MM,~가산명사,F,수십조,*,*,*,*
수억,0,0,0,MM,~가산명사,T,수억,*,*,*,*
수억만,0,0,0,MM,~가산명사,T,수억만,*,*,*,*
수조,0,0,0,MM,~가산명사,F,수조,*,*,*,*
수천,0,0,0,MM,~가산명사,T,수천,*,*,*,*
수천만,0,0,0,MM,~가산명사,T,수천만,*,*,*,*
수천수만,0,0,0,MM,~가산명사,T,수천수만,*,*,*,*
수천억,0,0,0,MM,~가산명사,T,수천억,*,*,*,*
순,0,0,0,MM,~명사,T,순,*,*,*,*
쉰,0,0,0,MM,~가산명사,T,쉰,*,*,*,*
스무,0,0,0,MM,~가산명사,F,스무,*,*,*,*
스무남은,0,0,0,MM,~가산명사,T,스무남은,*,*,*,*
스무째,0,0,0,MM,~명사,F,스무째,*,*,*,*
스물째,0,0,0,MM,~명사,F,스물째,*,*,*,*
슥,0,0,0,MM,~명사,T,슥,*,*,*,*
시,0,0,0,MM,~명사,F,시,*,*,*,*
신,0,0,0,MM,~기관명사,T,신,*,*,*,*
십,0,0,0,MM,~가산명사,T,십,*,*,*,*
십대,0,0,0,MM,~명사,F,십대,*,*,*,*
십여,0,0,0,MM,~가산명사,F,십여,*,*,*,*
썩을,0,0,0,MM,~인성명사,T,썩을,*,*,*,*
아랫,0,0,0,MM,~명사,T,아랫,*,*,*,*
아모,0,0,0,MM,~명사,F,아모,*,*,*,*
아무,0,0,0,MM,~명사,F,아무,*,*,*,*
아무런,0,0,0,MM,~명사,T,아무런,*,*,*,*
아무아무,0,0,0,MM,~명사,F,아무아무,*,*,*,*
아홉,0,0,0,MM,~가산명사,T,아홉,*,*,*,*
아홉째,0,0,0,MM,~명사,F,아홉째,*,*,*,*
아흔,0,0,0,MM,~가산명사,T,아흔,*,*,*,*
암,0,0,0,MM,~명사,T,암,*,*,*,*
애먼,0,0,0,MM,~명사,T,애먼,*,*,*,*
야뜨,0,0,0,MM,~명사,F,야뜨,*,*,*,*
약,0,0,0,MM,~수표현,T,약,*,*,*,*
양,0,0,0,MM,~명사,T,양,*,*,*,*
양대,0,0,0,MM,~명사,F,양대,*,*,*,*
어나,0,0,0,MM,~명사,F,어나,*,*,*,*
어느,0,0,0,MM,~명사,F,어느,*,*,*,*
어느어느,0,0,0,MM,~명사,F,어느어느,*,*,*,*
어는,0,0,0,MM,~명사,T,어는,*,*,*,*
어떤,0,0,0,MM,~명사,T,어떤,*,*,*,*
어떨,0,0,0,MM,~명사,T,어떨,*,*,*,*
어떻,0,0,0,MM,~명사,T,어떻,*,*,*,*
어뜬,0,0,0,MM,~명사,T,어뜬,*,*,*,*
어만,0,0,0,MM,~명사,T,어만,*,*,*,*
어인,0,0,0,MM,~명사,T,어인,*,*,*,*
어쩐,0,0,0,MM,~명사,T,어쩐,*,*,*,*
어쩔,0,0,0,MM,~명사,T,어쩔,*,*,*,*
억,0,0,0,MM,~가산명사,T,억,*,*,*,*
억만,0,0,0,MM,~가산명사,T,억만,*,*,*,*
억조,0,0,0,MM,~가산명사,F,억조,*,*,*,*
억천만,0,0,0,MM,~가산명사,T,억천만,*,*,*,*
언,0,0,0,MM,~명사,T,언,*,*,*,*
에문,0,0,0,MM,~명사,T,에문,*,*,*,*
여,0,0,0,MM,~명사,F,여,*,*,*,*
여나무,0,0,0,MM,~명사,F,여나무,*,*,*,*
여남,0,0,0,MM,~가산명사,T,여남,*,*,*,*
여남은,0,0,0,MM,~가산명사,T,여남은,*,*,*,*
여남은째,0,0,0,MM,~명사,F,여남은째,*,*,*,*
여남째,0,0,0,MM,~명사,F,여남째,*,*,*,*
여느,0,0,0,MM,~명사,F,여느,*,*,*,*
여늬,0,0,0,MM,~명사,F,여늬,*,*,*,*
여덜아홉,0,0,0,MM,~명사,T,여덜아홉,*,*,*,*
여덟,0,0,0,MM,~가산명사,T,여덟,*,*,*,*
여덟아홉,0,0,0,MM,~가산명사,T,여덟아홉,*,*,*,*
여덟아홉째,0,0,0,MM,~명사,F,여덟아홉째,*,*,*,*
여덟째,0,0,0,MM,~명사,F,여덟째,*,*,*,*
여든,0,0,0,MM,~가산명사,T,여든,*,*,*,*
여라문,0,0,0,MM,~명사,T,여라문,*,*,*,*
여러,0,0,0,MM,~가산명사,F,여러,*,*,*,*
여서일곱,0,0,0,MM,~명사,T,여서일곱,*,*,*,*
여서일곱째,0,0,0,MM,~명사,F,여서일곱째,*,*,*,*
여섯,0,0,0,MM,~가산명사,T,여섯,*,*,*,*
여섯째,0,0,0,MM,~명사,F,여섯째,*,*,*,*
여순,0,0,0,MM,~명사,T,여순,*,*,*,*
연,0,0,0,MM,~수표현,T,연,*,*,*,*
엳아홉,0,0,0,MM,~가산명사,T,엳아홉,*,*,*,*
엳아홉째,0,0,0,MM,~명사,F,엳아홉째,*,*,*,*
열,0,0,0,MM,~가산명사,T,열,*,*,*,*
열네,0,0,0,MM,~명사,F,열네,*,*,*,*
열두,0,0,0,MM,~명사,F,열두,*,*,*,*
열두어,0,0,0,MM,~명사,F,열두어,*,*,*,*
열두째,0,0,0,MM,~명사,F,열두째,*,*,*,*
열둘째,0,0,0,MM,~명사,F,열둘째,*,*,*,*
열세,0,0,0,MM,~명사,F,열세,*,*,*,*
열아문,0,0,0,MM,~명사,T,열아문,*,*,*,*
열째,0,0,0,MM,~명사,F,열째,*,*,*,*
열한,0,0,0,MM,~명사,T,열한,*,*,*,*
열한째,0,0,0,MM,~명사,F,열한째,*,*,*,*
염병할,0,0,0,MM,~명사,T,염병할,*,*,*,*
엿,0,0,0,MM,~의존가산명사,T,엿,*,*,*,*
영,0,0,0,MM,~가산명사,T,영,*,*,*,*
예,0,0,0,MM,~명사,F,예,*,*,*,*
예닐곱,0,0,0,MM,~가산명사,T,예닐곱,*,*,*,*
예닐곱째,0,0,0,MM,~명사,F,예닐곱째,*,*,*,*
예수남은,0,0,0,MM,~가산명사,T,예수남은,*,*,*,*
예순,0,0,0,MM,~가산명사,T,예순,*,*,*,*
예순한,0,0,0,MM,~명사,T,예순한,*,*,*,*
예일곱,0,0,0,MM,~명사,T,예일곱,*,*,*,*
옛,0,0,0,MM,~명사,T,옛,*,*,*,*
오,0,0,0,MM,~가산명사,F,오,*,*,*,*
오는,0,0,0,MM,~사건명사,T,오는,*,*,*,*
오대,0,0,0,MM,~명사,F,오대,*,*,*,*
오랜,0,0,0,MM,~명사,T,오랜,*,*,*,*
오랫,0,0,0,MM,~명사,T,오랫,*,*,*,*
오륙,0,0,0,MM,~가산명사,T,오륙,*,*,*,*
오른,0,0,0,MM,~명사,T,오른,*,*,*,*
오만,0,0,0,MM,~명사,T,오만,*,*,*,*
오십,0,0,0,MM,~가산명사,T,오십,*,*,*,*
오십여,0,0,0,MM,~가산명사,F,오십여,*,*,*,*
오오랜,0,0,0,MM,~명사,T,오오랜,*,*,*,*
온,0,0,0,MM,~명사,T,온,*,*,*,*
온간,0,0,0,MM,~명사,T,온간,*,*,*,*
온갓,0,0,0,MM,~명사,T,온갓,*,*,*,*
온갖,0,0,0,MM,~명사,T,온갖,*,*,*,*
올,0,0,0,MM,~사건명사,T,올,*,*,*,*
와이,0,0,0,MM,~명사,F,와이,*,*,*,*
왠,0,0,0,MM,~명사,T,왠,*,*,*,*
외딴,0,0,0,MM,~장소명사,T,외딴,*,*,*,*
왼,0,0,0,MM,~명사,T,왼,*,*,*,*
왼갖,0,0,0,MM,~명사,T,왼갖,*,*,*,*
요,0,0,0,MM,~명사,F,요,*,*,*,*
요까짓,0,0,0,MM,~명사,T,요까짓,*,*,*,*
요깟,0,0,0,MM,~명사,T,요깟,*,*,*,*
요따위,0,0,0,MM,~명사,F,요따위,*,*,*,*
요딴,0,0,0,MM,~명사,T,요딴,*,*,*,*
요런,0,0,0,MM,~명사,T,요런,*,*,*,*
요런조런,0,0,0,MM,~명사,T,요런조런,*,*,*,*
요론,0,0,0,MM,~명사,T,요론,*,*,*,*
요만,0,0,0,MM,~명사,T,요만,*,*,*,*
울,0,0,0,MM,~명사,T,울,*,*,*,*
워느,0,0,0,MM,~명사,F,워느,*,*,*,*
워떤,0,0,0,MM,~명사,T,워떤,*,*,*,*
원,0,0,0,MM,~명사,T,원,*,*,*,*
웬,0,0,0,MM,~명사,T,웬,*,*,*,*
윗,0,0,0,MM,~명사,T,윗,*,*,*,*
유세,0,0,0,MM,~명사,F,유세,*,*,*,*
육,0,0,0,MM,~가산명사,T,육,*,*,*,*
육시랄,0,0,0,MM,~명사,T,육시랄,*,*,*,*
육십,0,0,0,MM,~가산명사,T,육십,*,*,*,*
육십여,0,0,0,MM,~가산명사,F,육십여,*,*,*,*
육칠,0,0,0,MM,~가산명사,T,육칠,*,*,*,*
으떤,0,0,0,MM,~명사,T,으떤,*,*,*,*
으뜬,0,0,0,MM,~명사,T,으뜬,*,*,*,*
이,0,0,0,MM,~명사,F,이,*,*,*,*
이까짓,0,0,0,MM,~명사,T,이까짓,*,*,*,*
이깐,0,0,0,MM,~명사,T,이깐,*,*,*,*
이깟,0,0,0,MM,~명사,T,이깟,*,*,*,*
이대,0,0,0,MM,~명사,F,이대,*,*,*,*
이따위,0,0,0,MM,~명사,F,이따위,*,*,*,*
이딴,0,0,0,MM,~명사,T,이딴,*,*,*,*
이러저런,0,0,0,MM,~명사,T,이러저런,*,*,*,*
이런,0,0,0,MM,~명사,T,이런,*,*,*,*
이런저런,0,0,0,MM,~명사,T,이런저런,*,*,*,*
이룻,0,0,0,MM,~명사,T,이룻,*,*,*,*
이마,0,0,0,MM,~명사,F,이마,*,*,*,*
이만,0,0,0,MM,~명사,T,이만,*,*,*,*
이삼,0,0,0,MM,~가산명사,T,이삼,*,*,*,*
이십,0,0,0,MM,~가산명사,T,이십,*,*,*,*
이십여,0,0,0,MM,~가산명사,F,이십여,*,*,*,*
일,0,0,0,MM,~가산명사,T,일,*,*,*,*
일고여덟,0,0,0,MM,~가산명사,T,일고여덟,*,*,*,*
일고여덟째,0,0,0,MM,~명사,F,일고여덟째,*,*,*,*
일곱,0,0,0,MM,~가산명사,T,일곱,*,*,*,*
일곱여덟째,0,0,0,MM,~명사,F,일곱여덟째,*,*,*,*
일곱째,0,0,0,MM,~명사,F,일곱째,*,*,*,*
일대,0,0,0,MM,~명사,F,일대,*,*,*,*
일백,0,0,0,MM,~가산명사,T,일백,*,*,*,*
일백여,0,0,0,MM,~가산명사,F,일백여,*,*,*,*
일여덟,0,0,0,MM,~가산명사,T,일여덟,*,*,*,*
일여덟째,0,0,0,MM,~명사,F,일여덟째,*,*,*,*
일이,0,0,0,MM,~가산명사,F,일이,*,*,*,*
일천,0,0,0,MM,~가산명사,T,일천,*,*,*,*
일천여,0,0,0,MM,~가산명사,F,일천여,*,*,*,*
일흔,0,0,0,MM,~가산명사,T,일흔,*,*,*,*
작,0,0,0,MM,~양수관형사,T,작,*,*,*,*
장장,0,0,0,MM,~수표현,T,장장,*,*,*,*
저,0,0,0,MM,~명사,F,저,*,*,*,*
저까짓,0,0,0,MM,~명사,T,저까짓,*,*,*,*
저깟,0,0,0,MM,~명사,T,저깟,*,*,*,*
저따위,0,0,0,MM,~명사,F,저따위,*,*,*,*
저딴,0,0,0,MM,~명사,T,저딴,*,*,*,*
저런,0,0,0,MM,~명사,T,저런,*,*,*,*
저만,0,0,0,MM,~명사,T,저만,*,*,*,*
저지난,0,0,0,MM,~명사,T,저지난,*,*,*,*
저희,0,0,0,MM,~명사,F,저희,*,*,*,*
전,0,0,0,MM,~명사,T,전,*,*,*,*
전전,0,0,0,MM,~명사,T,전전,*,*,*,*
제,0,0,0,MM,~수관형사,F,제,*,*,*,*
제까짓,0,0,0,MM,~인성명사,T,제까짓,*,*,*,*
제깟,0,0,0,MM,~인성명사,T,제깟,*,*,*,*
제미붙을,0,0,0,MM,~인성명사,T,제미붙을,*,*,*,*
제밀할,0,0,0,MM,~인성명사,T,제밀할,*,*,*,*
젠장맞을,0,0,0,MM,~인성명사,T,젠장맞을,*,*,*,*
젠장칠,0,0,0,MM,~인성명사,T,젠장칠,*,*,*,*
조,0,0,0,MM,~명사,F,조,*,*,*,*
조까짓,0,0,0,MM,~명사,T,조까짓,*,*,*,*
조깟,0,0,0,MM,~명사,T,조깟,*,*,*,*
조따위,0,0,0,MM,~명사,F,조따위,*,*,*,*
조딴,0,0,0,MM,~명사,T,조딴,*,*,*,*
조런,0,0,0,MM,~명사,T,조런,*,*,*,*
조만,0,0,0,MM,~명사,T,조만,*,*,*,*
주,0,0,0,MM,~명사,F,주,*,*,*,*
주된,0,0,0,MM,~명사,T,주된,*,*,*,*
주요,0,0,0,MM,~명사,F,주요,*,*,*,*
즈,0,0,0,MM,~명사,F,즈,*,*,*,*
즈믄,0,0,0,MM,~명사,T,즈믄,*,*,*,*
즉석,0,0,0,MM,~명사,T,즉석,*,*,*,*
지,0,0,0,MM,~명사,F,지,*,*,*,*
지까짓,0,0,0,MM,~명사,T,지까짓,*,*,*,*
지난,0,0,0,MM,~사건명사,T,지난,*,*,*,*
지지난,0,0,0,MM,~명사,T,지지난,*,*,*,*
천,0,0,0,MM,~가산명사,T,천,*,*,*,*
천여,0,0,0,MM,~가산명사,F,천여,*,*,*,*
첫,0,0,0,MM,~명사,T,첫,*,*,*,*
첫째,0,0,0,MM,~명사,F,첫째,*,*,*,*
첫쨋,0,0,0,MM,~명사,T,첫쨋,*,*,*,*
총,0,0,0,MM,~수표현,T,총,*,*,*,*
칠,0,0,0,MM,~가산명사,T,칠,*,*,*,*
칠십,0,0,0,MM,~가산명사,T,칠십,*,*,*,*
칠십여,0,0,0,MM,~가산명사,F,칠십여,*,*,*,*
칠팔,0,0,0,MM,~가산명사,T,칠팔,*,*,*,*
타,0,0,0,MM,~명사,F,타,*,*,*,*
특정한,0,0,0,MM,~명사,T,특정한,*,*,*,*
팔,0,0,0,MM,~가산명사,T,팔,*,*,*,*
팔구,0,0,0,MM,~가산명사,F,팔구,*,*,*,*
팔십,0,0,0,MM,~가산명사,T,팔십,*,*,*,*
팔십여,0,0,0,MM,~가산명사,F,팔십여,*,*,*,*
표현,0,0,0,MM,~명사,T,표현,*,*,*,*
한,0,0,0,MM,~가산명사,T,한,*,*,*,*
한갓,0,0,0,MM,~명사,T,한갓,*,*,*,*
한개,0,0,0,MM,~명사,F,한개,*,*,*,*
한낱,0,0,0,MM,~명사,T,한낱,*,*,*,*
한다는,0,0,0,MM,~인성명사,T,한다는,*,*,*,*
한다하는,0,0,0,MM,~인성명사,T,한다하는,*,*,*,*
한두,0,0,0,MM,~가산명사,F,한두,*,*,*,*
한두어,0,0,0,MM,~명사,F,한두어,*,*,*,*
한두째,0,0,0,MM,~명사,F,한두째,*,*,*,*
한째,0,0,0,MM,~명사,F,한째,*,*,*,*
해,0,0,0,MM,~명사,F,해,*,*,*,*
허튼,0,0,0,MM,~명사,T,허튼,*,*,*,*
헌,0,0,0,MM,~인공물명사,T,헌,*,*,*,*
현,0,0,0,MM,~명사,T,현,*,*,*,*
흔,0,0,0,MM,~명사,T,흔,*,*,*,*
